season,version,hour,settlement,v_min,v_max,v_end,trafo_loading,loss_kw,load_kw,pv_kw
dec,base,0,S1,1.0661007780849372,1.0733350813273137,1.0661007780849372,14.54107200279912,,,
dec,base,0,S2,1.0293316803272003,1.0591135143266939,1.0293316803272003,15.666691017675143,,,
dec,base,0,S3,1.050460611883217,1.0667901855288948,1.050460611883217,9.828576806806417,,,
dec,base,0,ALL,,,,,3.8246411471679105,147.92348991281204,0.0
dec,base,1,S1,1.0677392268462411,1.0743060173927526,1.0677392268462411,13.227290634466247,,,
dec,base,1,S2,1.0344895135334915,1.0614393821987267,1.0344895135334915,14.236860271783073,,,
dec,base,1,S3,1.0535736775002307,1.0683778739260417,1.0535736775002307,8.94435994291363,,,
dec,base,1,ALL,,,,,3.592281172950071,134.4758999207382,0.0
dec,base,2,S1,1.068393294868069,1.0746936469506037,1.068393294868069,12.702266914511648,,,
dec,base,2,S2,1.0365407536834197,1.0623653854983477,1.0365407536834197,13.66653529037493,,,
dec,base,2,S3,1.0548146665937483,1.0690111119175272,1.0548146665937483,8.591378450439038,,,
dec,base,2,ALL,,,,,3.5060239811864946,129.09686392390867,0.0
dec,base,3,S1,1.06872004916751,1.074887302865608,1.06872004916751,12.439859460721932,,,
dec,base,3,S2,1.0375638595878942,1.0628274677569505,1.0375638595878942,13.381713452112464,,,
dec,base,3,S3,1.0554342604904123,1.0693273402026542,1.0554342604904123,8.415037900106299,,,
dec,base,3,ALL,,,,,3.4643169302104653,126.40734592549389,0.0
dec,base,4,S1,1.0683932948679125,1.0746936469505026,1.0683932948679125,12.702266914552563,,,
dec,base,4,S2,1.036540753674258,1.0623653854954431,1.036540753674258,13.666535291369723,,,
dec,base,4,S3,1.0548146665925415,1.0690111119170174,1.0548146665925415,8.591378450615608,,,
dec,base,4,ALL,,,,,3.5060239813496312,129.09686392390867,0.0
dec,base,5,S1,1.0661007781102072,1.0733350813435525,1.0661007781102072,14.541071996391159,,,
dec,base,5,S2,1.029331681823943,1.059113514800911,1.029331681823943,15.666690855387138,,,
dec,base,5,S3,1.0504606120790407,1.0667901856115418,1.0504606120790407,9.828576778041844,,,
dec,base,5,ALL,,,,,3.8246411153551994,147.92348991281204,0.0
dec,base,6,S1,1.0594993855682184,1.0694243019207943,1.0594993855682184,19.813856817297108,,,
dec,base,6,S2,1.0082552481634914,1.0496481483864486,1.0082552481634914,21.445652915995485,,,
dec,base,6,S3,1.0378527780404156,1.060372061700239,1.0378527780404156,13.391182688093359,,,
dec,base,6,ALL,,,,,4.999596180557755,201.71384988110728,0.0
dec,base,7,S1,1.0528197205797676,1.065469051150239,1.0528197205797676,25.115464168402575,,,
dec,base,7,S2,0.9864062269503421,1.0399037657589882,0.9864062269503421,27.326651896177335,,,
dec,base,7,S3,1.0249839454612792,1.0538411500332927,1.0249839454612792,16.996559140729577,,,
dec,base,7,ALL,,,,,6.586874715801201,255.5042098494026,0.0
dec,base,8,S1,1.054497135282105,1.066462125687203,1.054497135282105,23.787317209718733,,,
dec,base,8,S2,0.9919457420265909,1.0423676109588955,0.9919457420265909,25.84630973464866,,,
dec,base,8,S3,1.028226553861882,1.0554848378721542,1.028226553861882,16.091082453659865,,,
dec,base,8,ALL,,,,,6.149866420675547,242.05661985732874,0.0
dec,base,9,S1,1.057937180876432,1.068538980279596,1.057937180876432,21.1346117033976,,,
dec,base,9,S2,1.011672066984989,1.0501754178012537,1.011672066984989,21.991558845803674,,,
dec,base,9,S3,1.0538918509445345,1.0651508657257278,1.0538918509445345,11.755853547229586,,,
dec,base,9,ALL,,,,,4.781638364121911,215.16143987318108,8.725892403406554
dec,base,10,S1,1.0597178645459806,1.069640736974571,1.0597178645459806,19.809950236654185,,,
dec,base,10,S2,1.0278293692557856,1.056166496233402,1.0278293692557856,19.415534854388657,,,
dec,base,10,S3,1.0745097002190027,1.080355417865956,1.080355417865956,7.927842068630333,,,
dec,base,10,ALL,,,,,4.124128184628586,201.71384988110728,19.81665776987377
dec,base,11,S1,1.0608066058861978,1.0703230077077512,1.0608066058861978,19.015767258056,,,
dec,base,11,S2,1.0398749829905347,1.060534473047445,1.0398749829905347,17.631617376315145,,,
dec,base,11,S3,1.0817374549370102,1.1011089482397738,1.1011089482397738,5.359920650348897,,,
dec,base,11,ALL,,,,,3.971806576505829,193.64529588586296,29.19661376245696
dec,base,12,S1,1.060858526220864,1.0703744627861094,1.060858526220864,19.014876966211872,,,
dec,base,12,S2,1.044866463054111,1.0621876673204105,1.044866463054111,17.118974086334074,,,
dec,base,12,S3,1.085210504737745,1.1115728329000976,1.1115728329000976,4.522723114251136,,,
dec,base,12,ALL,,,,,4.06126163635152,193.64529588586296,34.506392671494304
dec,base,13,S1,1.0615192971810028,1.0707652852140463,1.0615192971810028,18.486949142360476,,,
dec,base,13,S2,1.046877818309299,1.0631020154668513,1.046877818309299,16.551487397763815,,,
dec,base,13,S3,1.08580920031776,1.1127090063388427,1.1127090063388427,4.2826722064893,,,
dec,base,13,ALL,,,,,3.9984381299611087,188.26625988903342,34.506392671494304
dec,base,14,S1,1.0614676088735364,1.0707140466784013,1.0614676088735364,18.4878104494477,,,
dec,base,14,S2,1.0419030939685818,1.0614545159165245,1.0419030939685818,17.062033981776136,,,
dec,base,14,S3,1.082342305512655,1.102262487684737,1.102262487684737,5.063567412654886,,,
dec,base,14,ALL,,,,,3.8998409678106545,188.26625988903342,29.196613762456966
dec,base,15,S1,1.0597178645459806,1.0696407369745704,1.0597178645459806,19.809950236653915,,,
dec,base,15,S2,1.027829369255779,1.0561664962333985,1.027829369255779,19.415534854389076,,,
dec,base,15,S3,1.0745097002189596,1.0803554178658197,1.0803554178658197,7.9278420686459805,,,
dec,base,15,ALL,,,,,4.124128184630102,201.71384988110728,19.81665776987378
dec,base,16,S1,1.0545998542242936,1.0665636808059442,1.0545998542242936,23.785106680634435,,,
dec,base,16,S2,1.0009227074789935,1.0453624441922431,1.0009227074789935,24.913773014911403,,,
dec,base,16,S3,1.047657754064376,1.0619551766087874,1.047657754064376,13.530673533953388,,,
dec,base,16,ALL,,,,,5.476428628197726,242.05661985732874,8.725892403406561
dec,base,17,S1,1.0443554585572137,1.060459772551874,1.0443554585572137,31.784234294317205,,,
dec,base,17,S2,0.9578633037807252,1.0272832064778412,0.9578633037807252,34.83715049998845,,,
dec,base,17,S3,1.0085037369439764,1.04550762889338,1.0085037369439764,21.566995841230906,,,
dec,base,17,ALL,,,,,9.196287452743473,322.74215980977164,7.260336850953426e-20
dec,base,18,S1,1.0322796072655736,1.0533180471191306,1.0322796072655736,41.2015375504123,,,
dec,base,18,S2,0.9151706310425756,1.0086518158040447,0.9151706310425756,45.6955148610319,,,
dec,base,18,S3,0.9846230223933694,1.033493111630283,0.9846230223933694,28.093984154414102,,,
dec,base,18,ALL,,,,,14.146737290586161,416.8752897542884,0.0
dec,base,19,S1,1.0252538041327734,1.049165376157014,1.0252538041327734,46.62705091556325,,,
dec,base,19,S2,0.889040333790704,0.997403345580002,0.889040333790704,52.112291640962205,,,
dec,base,19,S3,0.970508580495831,1.026426519537844,0.970508580495831,31.896664890795996,,,
dec,base,19,ALL,,,,,17.74210220802356,470.6656497225837,0.0
dec,base,20,S1,1.0234824427765035,1.0481186445532757,1.0234824427765035,47.98861375822959,,,
dec,base,20,S2,0.8822770117963928,0.9945120609061288,0.8822770117963928,53.744084785055165,,,
dec,base,20,S3,0.9669223144005603,1.0246350959402506,0.9669223144005603,32.85618441042677,,,
dec,base,20,ALL,,,,,18.7373664624843,484.1132397146575,0.0
dec,base,21,S1,1.0305319607363854,1.0522849279207023,1.0305319607363854,42.55483892059135,,,
dec,base,21,S2,0.9087688615209265,1.0058847622180465,0.9087688615209265,47.283942603635566,,,
dec,base,21,S3,0.9811280513129018,1.0317409133710633,0.9811280513129018,29.039463446881925,,,
dec,base,21,ALL,,,,,14.989807997121778,430.32287974636216,0.0
dec,base,22,S1,1.0443554585573303,1.0604597725519882,1.0443554585573303,31.78423429431394,,,
dec,base,22,S2,0.9578633038112349,1.0272832064866921,0.9578633038112349,34.837150497158376,,,
dec,base,22,S3,1.0085037369417431,1.0455076288929874,1.0085037369417431,21.566995841532865,,,
dec,base,22,ALL,,,,,9.196287451508848,322.74215980977164,0.0
dec,base,23,S1,1.057836920803882,1.0684397238340162,1.057836920803882,21.13652609392153,,,
dec,base,23,S2,1.0028687908318479,1.0472393215037588,1.0028687908318479,22.90596913042463,,,
dec,base,23,S3,1.0346606944654533,1.058750179273117,1.0346606944654533,14.288430558903986,,,
dec,base,23,ALL,,,,,5.356686614445468,215.16143987318108,0.0
dec,tap,0,S1,1.0661011115491394,1.0733354125305015,1.0661011115491394,14.541067651792122,,,
dec,tap,0,S2,1.058334267132733,1.087306043358237,1.058334267132733,15.666381229007415,,,
dec,tap,0,S3,1.0504612028798967,1.0667907673770658,1.0504612028798967,9.828571709632406,,,
dec,tap,0,ALL,,,,,3.831419455762086,147.92348991281204,0.0
dec,tap,1,S1,1.0677394377729372,1.0743062270231456,1.0677394377729372,13.227288136838222,,,
dec,tap,1,S2,1.0633677386959135,1.0895906354612181,1.0633677386959135,14.238871512724685,,,
dec,tap,1,S3,1.0535738685633338,1.0683780623147283,1.0535738685633338,8.944358450557646,,,
dec,tap,1,ALL,,,,,3.6039392566787587,134.4758999207382,0.0
dec,tap,2,S1,1.068393460792645,1.0746938118973848,1.068393460792645,12.702265029791793,,,
dec,tap,2,S2,1.0653701343092492,1.090500428320568,1.0653701343092492,13.669399701370711,,,
dec,tap,2,S3,1.0548147111093469,1.0690111558361797,1.0548147111093469,8.591378117185327,,,
dec,tap,2,ALL,,,,,3.51947425106049,129.09686392390867,0.0
dec,tap,3,S1,1.0687201934306645,1.0748874462968194,1.0687201934306645,12.439857856837046,,,
dec,tap,3,S2,1.0663690065251328,1.090954468241169,1.0663690065251328,13.38498870735815,,,
dec,tap,3,S3,1.0554342345344643,1.0693273145871627,1.0554342345344643,8.415038090206062,,,
dec,tap,3,ALL,,,,,3.4786298887457194,126.40734592549389,0.0
dec,tap,4,S1,1.0683934607924952,1.0746938118972904,1.0683934607924952,12.702265029830967,,,
dec,tap,4,S2,1.0653701343016515,1.0905004283181472,1.0653701343016515,13.669399702223577,,,
dec,tap,4,S3,1.0548147111081647,1.0690111558356934,1.0548147111081647,8.591378117361053,,,
dec,tap,4,ALL,,,,,3.5194742512077823,129.09686392390867,0.0
dec,tap,5,S1,1.0661011115733041,1.0733354125456693,1.0661011115733041,14.541067645447958,,,
dec,tap,5,S2,1.0583342683726737,1.0873060437530575,1.0583342683726737,15.666381089991766,,,
dec,tap,5,S3,1.0504612030714544,1.0667907674559043,1.0504612030714544,9.828571681135134,,,
dec,tap,5,ALL,,,,,3.8314194294490993,147.92348991281204,0.0
dec,tap,6,S1,1.059500364772201,1.0694252719622093,1.059500364772201,19.8138393048525,,,
dec,tap,6,S2,1.0377900270946916,1.0780173191753664,1.0377900270946916,21.43314158936656,,,
dec,tap,6,S3,1.037855493731939,1.0603747188136357,1.037855493731939,13.391150374064098,,,
dec,tap,6,ALL,,,,,4.980647017002021,201.71384988110728,0.0
dec,tap,7,S1,1.0528216325520225,1.0654709401836515,1.0528216325520225,25.115420696361657,,,
dec,tap,7,S2,1.0165368315190377,1.0684705974996789,1.0165368315190377,27.296559238722285,,,
dec,tap,7,S3,1.0249897679314675,1.053846809830285,1.0249897679314675,16.99647060337953,,,
dec,tap,7,ALL,,,,,6.530699847804498,255.5042098494026,0.0
dec,tap,8,S1,1.0544987839982638,1.066463755721303,1.0544987839982638,23.787281725791924,,,
dec,tap,8,S2,1.0219207599504325,1.0708828460908995,1.0219207599504325,25.821175660820185,,,
dec,tap,8,S3,1.0282314957215484,1.0554896496653734,1.0282314957215484,16.091011408495206,,,
dec,tap,8,ALL,,,,,6.104205752904517,242.05661985732874,0.0
dec,tap,9,S1,1.05793808909696,1.0685398794094902,1.05793808909696,21.134594363214113,,,
dec,tap,9,S2,1.0410977550496778,1.0785236633282567,1.0410977550496778,21.980765330850772,,,
dec,tap,9,S3,1.0538942457995197,1.0651532350656137,1.0538942457995197,11.755828562819712,,,
dec,tap,9,ALL,,,,,4.767337367633395,215.16143987318108,8.725892403406554
dec,tap,10,S1,1.059718336205238,1.069641204222251,1.059718336205238,19.809941804696376,,,
dec,tap,10,S2,1.0568254467357208,1.0843904969610938,1.0568254467357208,19.41321994374917,,,
dec,tap,10,S3,1.074510633909161,1.0803563466003305,1.0803563466003305,7.927835502627212,,,
dec,tap,10,ALL,,,,,4.128604317408082,201.71384988110728,19.81665776987377
dec,tap,11,S1,1.0608068373264767,1.070323237074001,1.0608068373264767,19.01576328929857,,,
dec,tap,11,S2,1.0685647136739953,1.0886716098514757,1.0685647136739953,17.633873603010468,,,
dec,tap,11,S3,1.0817376116021589,1.1011091022148438,1.1011091022148438,5.359919885285643,,,
dec,tap,11,ALL,,,,,3.9864125359029927,193.64529588586296,29.19661376245696
dec,tap,12,S1,1.0608586857125897,1.070374620848706,1.0608586857125897,19.014874231495064,,,
dec,tap,12,S2,1.0734302932292834,1.090291318296067,1.0734302932292834,17.122587352255632,,,
dec,tap,12,S3,1.0852104280451054,1.111572757972553,1.111572757972553,4.522723443762924,,,
dec,tap,12,ALL,,,,,4.078988188142308,193.64529588586296,34.506392671494304
dec,tap,13,S1,1.0615194173009916,1.0707654042888488,1.0615194173009916,18.486947140839508,,,
dec,tap,13,S2,1.0753958345941839,1.0911902505288795,1.0753958345941839,16.55578766669534,,,
dec,tap,13,S3,1.0858090046921027,1.1127088153054923,1.1127088153054923,4.282673006205669,,,
dec,tap,13,ALL,,,,,4.0175288224625385,188.26625988903342,34.506392671494304
dec,tap,14,S1,1.0614677965428665,1.0707142327146255,1.0614677965428665,18.487807322075856,,,
dec,tap,14,S2,1.0705457762671844,1.0895758534351137,1.0705457762671844,17.06506875201797,,,
dec,tap,14,S3,1.0823423283909972,1.1022625101583339,1.1022625101583339,5.063567307198132,,,
dec,tap,14,ALL,,,,,3.9160130745700528,188.26625988903342,29.196613762456966
dec,tap,15,S1,1.0597183362052371,1.06964120422225,1.0597183362052371,19.80994180469545,,,
dec,tap,15,S2,1.0568254467357159,1.084390496961091,1.0568254467357159,19.41321994374933,,,
dec,tap,15,S3,1.0745106339091182,1.0803563466001946,1.0803563466001946,7.927835502643566,,,
dec,tap,15,ALL,,,,,4.128604317403089,201.71384988110728,19.81665776987378
dec,tap,16,S1,1.0546011731894818,1.066564984828465,1.0546011731894818,23.78507829894588,,,
dec,tap,16,S2,1.0306314056323376,1.0738049371217882,1.0306314056323376,24.895317206310676,,,
dec,tap,16,S3,1.0476614791806653,1.061958851082877,1.0476614791806653,13.530628605361622,,,
dec,tap,16,ALL,,,,,5.446065731606289,242.05661985732874,8.725892403406561
dec,tap,17,S1,1.0443590380295549,1.0604632969300085,1.0443590380295549,31.78413111781599,,,
dec,tap,17,S2,0.9888487586259453,1.0561331874233748,0.9888487586259453,34.77568894771191,,,
dec,tap,17,S3,1.008515193351603,1.0455186691178768,1.008515193351603,21.566773723879418,,,
dec,tap,17,ALL,,,,,9.07337690553888,322.74215980977164,7.260336850953426e-20
dec,tap,18,S1,1.0322867817382453,1.0533250757342012,1.0322867817382453,41.20126930715317,,,
dec,tap,18,S2,0.9476261379963263,1.0379868496149283,0.9476261379963263,45.566553720790594,,,
dec,tap,18,S3,0.9846468758478709,1.033515796992827,0.9846468758478709,28.09337978565507,,,
dec,tap,18,ALL,,,,,13.879264750812487,416.8752897542884,0.0
dec,tap,19,S1,1.025263946338164,1.049175282493936,1.025263946338164,46.62662186262802,,,
dec,tap,19,S2,0.9225316835690935,1.0270784238327624,0.9225316835690935,51.927677049848775,,,
dec,tap,19,S3,0.9705428630865734,1.0264588574415332,0.9705428630865734,31.895677965699022,,,
dec,tap,19,ALL,,,,,17.354717359237284,470.6656497225837,0.0
dec,tap,20,S1,1.023493461615282,1.0481293989391274,1.023493461615282,47.988134054116586,,,
dec,tap,20,S2,0.9160559798849284,1.024281282764362,0.9160559798849284,53.543037752370815,,,
dec,tap,20,S3,0.9669597055727561,1.0246702911061327,0.9669597055727561,32.85507550451054,,,
dec,tap,20,ALL,,,,,18.31447544574037,484.1132397146575,0.0
dec,tap,21,S1,1.0305398036479776,1.0522926057056052,1.0305398036479776,42.554536059483354,,,
dec,tap,21,S2,0.9414676512739766,1.035299797183762,0.9414676512739766,47.14244244452788,,,
dec,tap,21,S3,0.9811542401173546,1.0317657699552674,0.9811542401173546,29.03877740766906,,,
dec,tap,21,ALL,,,,,14.695368161036102,430.32287974636216,0.0
dec,tap,22,S1,1.0443590380296144,1.0604632969300665,1.0443590380296144,31.78413111781352,,,
dec,tap,22,S2,0.9888487586424006,1.0561331874281483,0.9888487586424006,34.77568894614196,,,
dec,tap,22,S3,1.008515193349177,1.0455186691172895,1.008515193349177,21.56677372418365,,,
dec,tap,22,ALL,,,,,9.073376904917422,322.74215980977164,0.0
dec,tap,23,S1,1.0578381041119638,1.0684408952957973,1.0578381041119638,21.13650349749864,,,
dec,tap,23,S2,1.0325461012672519,1.0756557911926956,1.0325461012672519,22.889607510087515,,,
dec,tap,23,S3,1.0346640866129768,1.0587534929418336,1.0346640866129768,14.288387401739918,,,
dec,tap,23,ALL,,,,,5.329598616729096,215.16143987318108,0.0
dec,tap+inverter,0,S1,1.0661011115491394,1.0733354125305015,1.0661011115491394,14.541067651791725,,,
dec,tap+inverter,0,S2,1.058334267132733,1.087306043358237,1.058334267132733,15.6663812290078,,,
dec,tap+inverter,0,S3,1.0504612028798967,1.0667907673770658,1.0504612028798967,9.828571709632406,,,
dec,tap+inverter,0,ALL,,,,,3.8314194557603947,147.92348991281204,0.0
dec,tap+inverter,1,S1,1.0677394377729374,1.0743062270231456,1.0677394377729374,13.227288136838226,,,
dec,tap+inverter,1,S2,1.063367738695914,1.0895906354612184,1.063367738695914,14.238871512725385,,,
dec,tap+inverter,1,S3,1.0535738685633345,1.0683780623147292,1.0535738685633345,8.944358450556827,,,
dec,tap+inverter,1,ALL,,,,,3.6039392566744444,134.4758999207382,0.0
dec,tap+inverter,2,S1,1.0683934607926433,1.0746938118973834,1.0683934607926433,12.702265029792681,,,
dec,tap+inverter,2,S2,1.065370134309249,1.0905004283205675,1.065370134309249,13.669399701372,,,
dec,tap+inverter,2,S3,1.0548147111093473,1.0690111558361797,1.0548147111093473,8.591378117185865,,,
dec,tap+inverter,2,ALL,,,,,3.5194742510714843,129.09686392390867,0.0
dec,tap+inverter,3,S1,1.0687201934306643,1.0748874462968199,1.0687201934306643,12.43985785683762,,,
dec,tap+inverter,3,S2,1.0663690065251326,1.090954468241169,1.0663690065251326,13.384988707358625,,,
dec,tap+inverter,3,S3,1.055434234534465,1.0693273145871636,1.055434234534465,8.415038090207892,,,
dec,tap+inverter,3,ALL,,,,,3.4786298887432157,126.40734592549389,0.0
dec,tap+inverter,4,S1,1.068393460792496,1.074693811897291,1.068393460792496,12.702265029831015,,,
dec,tap+inverter,4,S2,1.0653701343016524,1.0905004283181476,1.0653701343016524,13.669399702224705,,,
dec,tap+inverter,4,S3,1.0548147111081658,1.069011155835694,1.0548147111081658,8.59137811735998,,,
dec,tap+inverter,4,ALL,,,,,3.5194742511976056,129.09686392390867,0.0
dec,tap+inverter,5,S1,1.0661011115733043,1.073335412545669,1.0661011115733043,14.541067645448274,,,
dec,tap+inverter,5,S2,1.0583342683726746,1.0873060437530577,1.0583342683726746,15.666381089993365,,,
dec,tap+inverter,5,S3,1.0504612030714542,1.066790767455904,1.0504612030714542,9.828571681137149,,,
dec,tap+inverter,5,ALL,,,,,3.831419429456322,147.92348991281204,0.0
dec,tap+inverter,6,S1,1.0595003647722023,1.06942527196221,1.0595003647722023,19.813839304851836,,,
dec,tap+inverter,6,S2,1.0377900270946918,1.0780173191753666,1.0377900270946918,21.433141589368017,,,
dec,tap+inverter,6,S3,1.0378554937319395,1.0603747188136359,1.0378554937319395,13.391150374063482,,,
dec,tap+inverter,6,ALL,,,,,4.980647017007862,201.71384988110728,0.0
dec,tap+inverter,7,S1,1.0528216325520212,1.065470940183651,1.0528216325520212,25.115420696362108,,,
dec,tap+inverter,7,S2,1.016536831519037,1.0684705974996787,1.016536831519037,27.296559238722327,,,
dec,tap+inverter,7,S3,1.0249897679314668,1.0538468098302844,1.0249897679314668,16.996470603380352,,,
dec,tap+inverter,7,ALL,,,,,6.530699847810865,255.5042098494026,0.0
dec,tap+inverter,8,S1,1.0544987839982651,1.066463755721304,1.0544987839982651,23.787281725793434,,,
dec,tap+inverter,8,S2,1.0219207599504345,1.0708828460909008,1.0219207599504345,25.821175660821012,,,
dec,tap+inverter,8,S3,1.0282314957215493,1.0554896496653743,1.0282314957215493,16.091011408494758,,,
dec,tap+inverter,8,ALL,,,,,6.104205752904884,242.05661985732874,0.0
dec,tap+inverter,9,S1,1.0578705750821074,1.068473041203806,1.0578705750821074,21.13588345171349,,,
dec,tap+inverter,9,S2,1.0402475776916809,1.0780134758200148,1.0402475776916809,22.059481081800783,,,
dec,tap+inverter,9,S3,1.0487114833777271,1.0630987107052394,1.0487114833777271,12.312160033109834,,,
dec,tap+inverter,9,ALL,,,,,4.871496346975286,215.16143987318108,8.725892403406554
dec,tap+inverter,10,S1,1.0595420262561686,1.0694665436286461,1.0595420262561686,19.81309424458305,,,
dec,tap+inverter,10,S2,1.051713933836767,1.0823608684039767,1.051713933836767,19.803614136780155,,,
dec,tap+inverter,10,S3,1.0681070350314248,1.0697825230921334,1.0687078497474742,9.786782292926546,,,
dec,tap+inverter,10,ALL,,,,,4.468517480883418,201.71384988110728,19.81665776987377
dec,tap+inverter,11,S1,1.0605460159200515,1.0700647535661503,1.0605460159200515,19.02023694381228,,,
dec,tap+inverter,11,S2,1.0610957032763844,1.0856833397280028,1.0610957032763844,18.24947356108697,,,
dec,tap+inverter,11,S3,1.0747468453371538,1.0841192811469456,1.0841192811469456,9.018141092307074,,,
dec,tap+inverter,11,ALL,,,,,4.554160172157042,193.64529588586296,29.19661376245696
dec,tap+inverter,12,S1,1.0605493098602734,1.0700680179736533,1.0605493098602734,19.0201804322342,,,
dec,tap+inverter,12,S2,1.064621640181284,1.0867538392847662,1.064621640181284,17.879126980185543,,,
dec,tap+inverter,12,S3,1.0769209261069013,1.0915722948413926,1.0915722948413926,9.301894525582533,,,
dec,tap+inverter,12,ALL,,,,,4.806192268169402,193.64529588586296,34.506392671494304
dec,tap+inverter,13,S1,1.0612104880773205,1.0704591638984529,1.0612104880773205,18.49209619044993,,,
dec,tap+inverter,13,S2,1.0666114411129717,1.0876605142922695,1.0666114411129717,17.314628269202746,,,
dec,tap+inverter,13,S3,1.0775298287357,1.0927382585390428,1.0927382585390428,9.118944122620192,,,
dec,tap+inverter,13,ALL,,,,,4.733271901511903,188.26625988903342,34.506392671494304
dec,tap+inverter,14,S1,1.0612073543539862,1.0704560574581745,1.0612073543539862,18.492148436450666,,,
dec,tap+inverter,14,S2,1.0630975776365776,1.0865941981618321,1.0630975776365776,17.681791745843785,,,
dec,tap+inverter,14,S3,1.0753604079633403,1.0852986066491654,1.0852986066491654,8.784801508409258,,,
dec,tap+inverter,14,ALL,,,,,4.473962905017984,188.26625988903342,29.196613762456966
dec,tap+inverter,15,S1,1.0595420262561688,1.069466543628646,1.0595420262561688,19.81309424458194,,,
dec,tap+inverter,15,S2,1.0517139338367671,1.0823608684039765,1.0517139338367671,19.803614136780894,,,
dec,tap+inverter,15,S3,1.068107035031425,1.0697825230921332,1.068707849747474,9.786782292926354,,,
dec,tap+inverter,15,ALL,,,,,4.468517480882473,201.71384988110728,19.81665776987378
dec,tap+inverter,16,S1,1.0545698252956255,1.0665339920876442,1.0545698252956255,23.785752866024055,,,
dec,tap+inverter,16,S2,1.0298590503526845,1.073376243150018,1.0298590503526845,24.9735687394559,,,
dec,tap+inverter,16,S3,1.046479688692254,1.061184498903037,1.046479688692254,13.718718834515146,,,
dec,tap+inverter,16,ALL,,,,,5.488349628277887,242.05661985732874,8.725892403406561
dec,tap+inverter,17,S1,1.0443590380295504,1.060463296930005,1.0443590380295504,31.784131117816017,,,
dec,tap+inverter,17,S2,0.9888487586254816,1.0561331874232411,0.9888487586254816,34.775688947754084,,,
dec,tap+inverter,17,S3,1.0085151933512495,1.0455186691177705,1.0085151933512495,21.56677372391753,,,
dec,tap+inverter,17,ALL,,,,,9.073376905577705,322.74215980977164,7.260336850953426e-20
dec,tap+inverter,18,S1,1.0322867817382437,1.0533250757342008,1.0322867817382437,41.20126930715238,,,
dec,tap+inverter,18,S2,0.9476261379963253,1.0379868496149276,0.9476261379963253,45.56655372079167,,,
dec,tap+inverter,18,S3,0.984646875847869,1.0335157969928257,0.984646875847869,28.093379785655138,,,
dec,tap+inverter,18,ALL,,,,,13.879264750807211,416.8752897542884,0.0
dec,tap+inverter,19,S1,1.0252639463381648,1.0491752824939367,1.0252639463381648,46.62662186262676,,,
dec,tap+inverter,19,S2,0.9225316835690925,1.027078423832762,0.9225316835690925,51.92767704984853,,,
dec,tap+inverter,19,S3,0.9705428630865734,1.0264588574415332,0.9705428630865734,31.89567796569946,,,
dec,tap+inverter,19,ALL,,,,,17.35471735923218,470.6656497225837,0.0
dec,tap+inverter,20,S1,1.0234934616152815,1.048129398939127,1.0234934616152815,47.98813405411649,,,
dec,tap+inverter,20,S2,0.9160559798849268,1.0242812827643613,0.9160559798849268,53.543037752371106,,,
dec,tap+inverter,20,S3,0.9669597055727567,1.0246702911061332,0.9669597055727567,32.85507550451076,,,
dec,tap+inverter,20,ALL,,,,,18.314475445749135,484.1132397146575,0.0
dec,tap+inverter,21,S1,1.0305398036479776,1.0522926057056057,1.0305398036479776,42.55453605948309,,,
dec,tap+inverter,21,S2,0.9414676512739776,1.035299797183763,0.9414676512739776,47.14244244452747,,,
dec,tap+inverter,21,S3,0.9811542401173547,1.0317657699552674,0.9811542401173547,29.038777407668526,,,
dec,tap+inverter,21,ALL,,,,,14.69536816103894,430.32287974636216,0.0
dec,tap+inverter,22,S1,1.0443590380296142,1.0604632969300662,1.0443590380296142,31.784131117813878,,,
dec,tap+inverter,22,S2,0.9888487586424015,1.0561331874281483,0.9888487586424015,34.775688946142154,,,
dec,tap+inverter,22,S3,1.0085151933491776,1.0455186691172904,1.0085151933491776,21.566773724184156,,,
dec,tap+inverter,22,ALL,,,,,9.073376904921789,322.74215980977164,0.0
dec,tap+inverter,23,S1,1.0578381041119633,1.0684408952957976,1.0578381041119633,21.136503497499977,,,
dec,tap+inverter,23,S2,1.0325461012672519,1.0756557911926956,1.0325461012672519,22.88960751008779,,,
dec,tap+inverter,23,S3,1.0346640866129784,1.0587534929418347,1.0346640866129784,14.288387401739103,,,
dec,tap+inverter,23,ALL,,,,,5.329598616728499,215.16143987318108,0.0
jun,base,0,S1,1.0721587927738416,1.07690767785737,1.0721587927738416,9.637969560162677,,,
jun,base,0,S2,1.035846768899145,1.0647275147469941,1.035846768899145,11.24840871021751,,,
jun,base,0,S3,1.061875226745775,1.0725460921282288,1.061875226745775,6.536006521887858,,,
jun,base,0,ALL,,,,,3.2303766283224897,99.44138535729941,0.0
jun,base,1,S1,1.0731405541587182,1.0774898085613607,1.0731405541587182,8.84670998145663,,,
jun,base,1,S2,1.038942075007432,1.066119360307566,1.038942075007432,10.389954134650633,,,
jun,base,1,S3,1.0637282173617364,1.0734939349393395,1.0637282173617364,6.006224101183886,,,
jun,base,1,ALL,,,,,3.127916385577703,91.30460324419114,0.0
jun,base,2,S1,1.07412064814051,1.0780709905124841,1.07412064814051,8.056077833787272,,,
jun,base,2,S2,1.0420221965825789,1.067505700187316,1.0420221965825789,9.533564721585176,,,
jun,base,2,S3,1.0655759331964647,1.0744394768446712,1.0655759331964647,5.477332083412385,,,
jun,base,2,ALL,,,,,3.033949457971193,83.16782113108285,0.0
jun,base,3,S1,1.0745122208019697,1.0783031987457903,1.0745122208019697,7.740000336518555,,,
jun,base,3,S2,1.0432500442842532,1.0680587112710744,1.0432500442842532,9.191583263009925,,,
jun,base,3,S3,1.0663135529795085,1.0748170536624055,1.0663135529795085,5.266023695983012,,,
jun,base,3,ALL,,,,,2.9987241567624725,79.91310828583953,0.0
jun,base,4,S1,1.07451222080197,1.0783031987457903,1.07451222080197,7.7400003365181105,,,
jun,base,4,S2,1.0432500442842532,1.0680587112710744,1.0432500442842532,9.191583263009925,,,
jun,base,4,S3,1.0663135529795085,1.0748170536624055,1.0663135529795085,5.266023695983012,,,
jun,base,4,ALL,,,,,2.99872415676103,79.91310828583953,0.0
jun,base,5,S1,1.0741206481397139,1.0780709905119732,1.0741206481397139,8.056077833992118,,,
jun,base,5,S2,1.0420221965351264,1.0675057001724626,1.0420221965351264,9.533564726687043,,,
jun,base,5,S3,1.0655759331905676,1.0744394768421568,1.0655759331905676,5.477332084287647,,,
jun,base,5,ALL,,,,,3.0339494586839297,83.16782113108285,0.0
jun,base,6,S1,1.072191113283782,1.0769398552826703,1.072191113283782,9.637693484486121,,,
jun,base,6,S2,1.0387680223386002,1.065695773195085,1.0387680223386002,10.948865402660912,,,
jun,base,6,S3,1.0683808832006534,1.07470787034226,1.0683808832006534,5.6736175773106865,,,
jun,base,6,ALL,,,,,3.130501290383181,99.44138535729941,3.046478758619699
jun,base,7,S1,1.0693348052544542,1.0752862012493019,1.0693348052544542,12.014121550205465,,,
jun,base,7,S2,1.0384665621021842,1.0644917993402105,1.0384665621021842,12.607746241159976,,,
jun,base,7,S3,1.0784268780455775,1.0825786176052248,1.0825786176052248,4.749307403369058,,,
jun,base,7,ALL,,,,,3.233534656486778,123.85173169662428,12.431947904399431
jun,base,8,S1,1.0681825717248061,1.0745374340914338,1.0681825717248061,12.809689654164702,,,
jun,base,8,S2,0.9689147169870527,1.048102609157964,0.9689147169870527,18.094752278032306,,,
jun,base,8,S3,1.0838028961865984,1.1015763421027864,1.1015763421027864,3.054250762000942,,,
jun,base,8,ALL,,,,,5.131725240079234,142.18851380973257,23.10537323841994
jun,base,9,S1,1.0672961363486257,1.0740536354767312,1.0672961363486257,13.60287423425602,,,
jun,base,9,S2,0.9765401623491274,1.0501514132631289,0.9765401623491274,17.922789566114126,,,
jun,base,9,S3,1.089635180809106,1.1201396017653686,1.1201396017653686,3.1086133590062692,,,
jun,base,9,ALL,,,,,5.266380751361398,150.32529592284084,33.444470860857436
jun,base,10,S1,1.065397380677508,1.0729629998668735,1.065397380677508,15.192358797959264,,,
jun,base,10,S2,0.979026557145617,1.0501735129949255,0.979026557145617,18.793108394941545,,,
jun,base,10,S3,1.0934336254659676,1.1336068986088192,1.1336068986088192,4.185843975581249,,,
jun,base,10,ALL,,,,,5.689196462619489,166.59886014905743,42.272544499141674
jun,base,11,S1,1.0634679749349052,1.0718447646904246,1.0634679749349052,16.784527126336524,,,
jun,base,11,S2,0.9789411609486851,1.0493722544204758,0.9789411609486851,19.907865226919768,,,
jun,base,11,S3,1.095636833209808,1.142278276127414,1.142278276127414,4.975036749150495,,,
jun,base,11,ALL,,,,,6.140100989811219,182.872424375274,48.68415510742198
jun,base,12,S1,1.061503126691278,1.0706942647919937,1.061503126691278,18.379581209409707,,,
jun,base,12,S2,0.9756368048041515,1.0475441783386026,0.9756368048041515,21.32900777070694,,,
jun,base,12,S3,1.0959352131576852,1.1452134970181727,1.1452134970181727,5.2067799761387965,,,
jun,base,12,ALL,,,,,6.5296147861325835,199.14598860149053,52.05142700168071
jun,base,13,S1,1.0605023661717834,1.0701019463947163,1.0605023661717834,19.17832266777225,,,
jun,base,13,S2,0.9721882023568043,1.0460583930896163,0.9721882023568043,22.21143799121253,,,
jun,base,13,S3,1.0950503626088421,1.14356543178582,1.14356543178582,5.049926822172512,,,
jun,base,13,ALL,,,,,6.675130510633481,207.2827707145988,52.05142700168071
jun,base,14,S1,1.0604702993059076,1.0700701694940278,1.0604702993059076,19.17887739797307,,,
jun,base,14,S2,0.9685890225887243,1.0449144858529118,0.9685890225887243,22.554501762703495,,,
jun,base,14,S3,1.0929724999376011,1.1373030266398858,1.1373030266398858,4.575032750845867,,,
jun,base,14,ALL,,,,,6.576724066177115,207.2827707145988,48.68415510742198
jun,base,15,S1,1.0614092466484366,1.0706011968651077,1.0614092466484366,18.38113662171032,,,
jun,base,15,S2,0.9651727103373957,1.044217021055026,0.9651727103373957,22.3261314764748,,,
jun,base,15,S3,1.0898522774665438,1.1268851251017582,1.1268851251017582,3.9867874718724745,,,
jun,base,15,ALL,,,,,6.2876942877447854,199.14598860149053,42.27254449914169
jun,base,16,S1,1.0623209162448946,1.0711058733575958,1.0623209162448946,17.584362072561667,,,
jun,base,16,S2,0.9590699055350153,1.0426620004571248,0.9590699055350153,22.356460057348176,,,
jun,base,16,S3,1.0850999678079634,1.111564569670062,1.111564569670062,4.0058273470408166,,,
jun,base,16,ALL,,,,,6.0729832407808635,191.0092064883823,33.444470860857436
jun,base,17,S1,1.0612116210461466,1.0704052812972575,1.0612116210461466,18.384411770144766,,,
jun,base,17,S2,0.9439033549883378,1.0374457792513931,0.9439033549883378,24.372649795380124,,,
jun,base,17,S3,1.077322761894978,1.0892065703901643,1.0892065703901643,6.248496593084127,,,
jun,base,17,ALL,,,,,6.48912725457384,199.14598860149053,23.10537323841995
jun,base,18,S1,1.0580756164031049,1.068498520439815,1.0580756164031049,20.785655310980896,,,
jun,base,18,S2,0.9201875228238077,1.0287353943246431,0.9201875228238077,28.339813364929668,,,
jun,base,18,S3,1.0615195445666332,1.067074853167927,1.0615195445666332,10.502456807466949,,,
jun,base,18,ALL,,,,,7.889762712419603,223.55633494081542,12.431947904399436
jun,base,19,S1,1.0539098140449044,1.0659826271127857,1.0539098140449044,23.996570188915186,,,
jun,base,19,S2,0.8927315680508736,1.0184536655280563,0.8927315680508736,33.24243891764573,,,
jun,base,19,S3,1.0333565908209466,1.0563011789502454,1.0333565908209466,15.335624081172059,,,
jun,base,19,ALL,,,,,10.235361620047964,256.10346339324855,3.0464787586197044
jun,base,20,S1,1.0518319298405647,1.0647344122252018,1.0518319298405647,25.605963376753472,,,
jun,base,20,S2,0.8805061895853674,1.0137944843118634,0.8805061895853674,35.551456979307595,,,
jun,base,20,S3,1.0225086755798514,1.0519847095908024,1.0225086755798514,17.345477848242698,,,
jun,base,20,ALL,,,,,11.481095514206453,272.37702761946514,0.0
jun,base,21,S1,1.0552048683359456,1.0668612149845413,1.0552048683359456,23.18750588050062,,,
jun,base,21,S2,0.9806527294547064,1.0401416330977395,0.9806527294547064,26.182853238261057,,,
jun,base,21,S3,1.029518714098895,1.0560604841544508,1.029518714098895,15.684330368012722,,,
jun,base,21,ALL,,,,,6.351886505577135,237.76668128014026,0.0
jun,base,22,S1,1.0622474986504304,1.0710330623476594,1.0622474986504304,17.585525103893122,,,
jun,base,22,S2,1.0040044428150219,1.0504884728610207,1.0040044428150219,19.951700214873775,,,
jun,base,22,S3,1.043044486326813,1.0629366578957604,1.043044486326813,11.884025064171114,,,
jun,base,22,ALL,,,,,4.739595660498878,180.80920648838227,0.0
jun,base,23,S1,1.0682148980607509,1.0745695678324843,1.0682148980607509,12.809318968179687,,,
jun,base,23,S2,1.0233090636622921,1.0591035490013523,1.0233090636622921,14.703294892055732,,,
jun,base,23,S3,1.054409574849028,1.0687313210301164,1.054409574849028,8.664139550454202,,,
jun,base,23,ALL,,,,,3.726686768775957,131.98851380973255,0.0
jun,tap,0,S1,1.0721591735668141,1.0769080569645513,1.0721591735668141,9.637966307437019,,,
jun,tap,0,S2,1.0358489430277489,1.0647296286406456,1.0358489430277489,11.248387254210808,,,
jun,tap,0,S3,1.0095576842736018,1.0207799339499932,1.0095576842736018,6.621196728984422,,,
jun,tap,0,ALL,,,,,3.1793150104834744,99.44138535729941,0.0
jun,tap,1,S1,1.0731409682605666,1.0774902209856887,1.0731409682605666,8.846706745686088,,,
jun,tap,1,S2,1.0389443543186312,1.0661215803417163,1.0389443543186312,10.389933414693795,,,
jun,tap,1,S3,1.0114735398928976,1.0217424427247845,1.0114735398928976,6.064117358252781,,,
jun,tap,1,ALL,,,,,3.075533936752176,91.30460324419114,0.0
jun,tap,2,S1,1.0741210923154605,1.0780714330545367,1.0741210923154605,8.056074686242784,,,
jun,tap,2,S2,1.0420245700474633,1.0675080159156183,1.0420245700474633,9.53354499117969,,,
jun,tap,2,S3,1.013383488393018,1.022702448478797,1.013383488393018,5.508027479910169,,,
jun,tap,2,ALL,,,,,2.98037065849381,83.16782113108285,0.0
jun,tap,3,S1,1.0745126761128452,1.0783036524509102,1.0745126761128452,7.7399972425435015,,,
jun,tap,3,S2,1.0432524523820028,1.0680610623967048,1.0432524523820028,9.191563993113588,,,
jun,tap,3,S3,1.0141458263289735,1.0230857549185006,1.0141458263289735,5.285866873530426,,,
jun,tap,3,ALL,,,,,2.9447011931843465,79.91310828583953,0.0
jun,tap,4,S1,1.0745126761128452,1.0783036524509102,1.0745126761128452,7.739997242543412,,,
jun,tap,4,S2,1.0432524523820028,1.068061062396705,1.0432524523820028,9.191563993113588,,,
jun,tap,4,S3,1.0141458263289735,1.0230857549185006,1.0141458263289735,5.285866873531272,,,
jun,tap,4,ALL,,,,,2.9447011931852702,79.91310828583953,0.0
jun,tap,5,S1,1.0741210923146554,1.0780714330540166,1.0741210923146554,8.056074686447506,,,
jun,tap,5,S2,1.0420245699999373,1.0675080159007218,1.0420245699999373,9.533544996292926,,,
jun,tap,5,S3,1.0133834883854311,1.022702448475764,1.0133834883854311,5.508027481030149,,,
jun,tap,5,ALL,,,,,2.9803706592188344,83.16782113108285,0.0
jun,tap,6,S1,1.072191590465278,1.0769403303517757,1.072191590465278,9.63768940863807,,,
jun,tap,6,S2,1.0387705238958047,1.0656982102813186,1.0387705238958047,10.948841402107329,,,
jun,tap,6,S3,1.0163796323739054,1.0230297553484053,1.0163796323739054,5.71779217504626,,,
jun,tap,6,ALL,,,,,3.075069720317022,99.44138535729941,3.046478758619699
jun,tap,7,S1,1.0693353074443996,1.0752867006704179,1.0693353074443996,12.014116181890984,,,
jun,tap,7,S2,1.0384691324273956,1.0644943056341192,1.0384691324273956,12.607717756500403,,,
jun,tap,7,S3,1.0269615637159932,1.0313179326261994,1.0313179326261994,4.7696002166242595,,,
jun,tap,7,ALL,,,,,3.1775337263744823,123.85173169662428,12.431947904399431
jun,tap,8,S1,1.0681827733345637,1.0745376345025957,1.0681827733345637,12.809687344031401,,,
jun,tap,8,S2,0.9689162851029124,1.0481040496507545,0.9689162851029124,18.094726648480115,,,
jun,tap,8,S3,1.0326227844204832,1.0512435732262377,1.0512435732262377,3.0958304285344465,,,
jun,tap,8,ALL,,,,,5.092673994299612,142.18851380973257,23.10537323841994
jun,tap,9,S1,1.0672957114611443,1.0740532132774103,1.0672957114611443,13.602879411937224,,,
jun,tap,9,S2,0.9765392685886459,1.0501505867660452,0.9765392685886459,17.922803979148085,,,
jun,tap,9,S3,1.0386604076777464,1.0705724082412067,1.0705724082412067,3.2667133790253122,,,
jun,tap,9,ALL,,,,,5.260560886515516,150.32529592284084,33.444470860857436
jun,tap,10,S1,1.0653962623414959,1.0729618894657054,1.0653962623414959,15.192374056845692,,,
jun,tap,10,S2,0.979022985916085,1.0501702012608671,0.979022985916085,18.79316859044629,,,
jun,tap,10,S3,1.0426071898123417,1.084589977473363,1.084589977473363,4.387926785229277,,,
jun,tap,10,ALL,,,,,5.719594717551389,166.59886014905743,42.272544499141674
jun,tap,11,S1,1.063466290085642,1.0718430931001686,1.063466290085642,16.78455257515223,,,
jun,tap,11,S2,0.9789354119248567,1.0493669192774842,0.9789354119248567,19.907967664255906,,,
jun,tap,11,S3,1.0449065110562021,1.0936158841411445,1.0936158841411445,5.210476728584378,,,
jun,tap,11,ALL,,,,,6.199904762007288,182.872424375274,48.68415510742198
jun,tap,12,S1,1.0615011761886735,1.0706923311607897,1.0615011761886735,18.379613522703337,,,
jun,tap,12,S2,0.9756300193363959,1.047537893078653,0.9756300193363959,21.329137097676735,,,
jun,tap,12,S3,1.0452476107657747,1.096696964549833,1.096696964549833,5.455594261523073,,,
jun,tap,12,ALL,,,,,6.603118840924038,199.14598860149053,52.05142700168071
jun,tap,13,S1,1.0605004762380443,1.0701000735502306,1.0605004762380443,19.178355361141037,,,
jun,tap,13,S2,0.9721816317453674,1.0460523213902548,0.9721816317453674,22.2115683085218,,,
jun,tap,13,S3,1.0443569246336741,1.0950134523143937,1.0950134523143937,5.296669958493768,,,
jun,tap,13,ALL,,,,,6.745424080978354,207.2827707145988,52.05142700168071
jun,tap,14,S1,1.0604687863979565,1.0700686702669888,1.0604687863979565,19.178903570819916,,,
jun,tap,14,S2,0.9685838929682711,1.0449097596400372,0.9685838929682711,22.554605088490987,,,
jun,tap,14,S3,1.0422235915659543,1.0885308748354574,1.0885308748354574,4.8068762212301674,,,
jun,tap,14,ALL,,,,,6.627398780215022,207.2827707145988,48.68415510742198
jun,tap,15,S1,1.061408327408183,1.0706002855774572,1.061408327408183,18.381151853033963,,,
jun,tap,15,S2,0.9651698811730325,1.0442144227726013,0.9651698811730325,22.326187963096764,,,
jun,tap,15,S3,1.0389979798998983,1.0777120992621394,1.0777120992621394,4.197670022237301,,,
jun,tap,15,ALL,,,,,6.307408990984198,199.14598860149053,42.27254449914169
jun,tap,16,S1,1.0623206741255549,1.0711056332392626,1.0623206741255549,17.584365908643996,,,
jun,tap,16,S2,0.9590697354154716,1.042661846902174,0.9590697354154716,22.356463672166914,,,
jun,tap,16,S3,1.0340841399860359,1.0617825078771383,1.0617825078771383,4.128258896412926,,,
jun,tap,16,ALL,,,,,6.056953290718755,191.0092064883823,33.444470860857436
jun,tap,17,S1,1.0612119184943019,1.0704055761711464,1.0612119184943019,18.384406839794348,,,
jun,tap,17,S2,0.9439054075687855,1.0374476303946958,0.9439054075687855,24.37260488732247,,,
jun,tap,17,S3,1.0260716801804026,1.0385301510547298,1.0385301510547298,6.3651289826596,,,
jun,tap,17,ALL,,,,,6.4430526058091075,199.14598860149053,23.10537323841995
jun,tap,18,S1,1.0580759068433405,1.0684988080223203,1.0580759068433405,20.785649857034326,,,
jun,tap,18,S2,0.9201897549106087,1.028737367080768,0.9201897549106087,28.339756565352364,,,
jun,tap,18,S3,1.009671232754936,1.0155125473669029,1.009671232754936,10.798882044929883,,,
jun,tap,18,ALL,,,,,7.838920542665228,223.55633494081542,12.431947904399436
jun,tap,19,S1,1.053909292096514,1.065982111135296,1.053909292096514,23.99658152571898,,,
jun,tap,19,S2,0.8927306797031263,1.0184528996822555,0.8927306797031263,33.24246540449799,,,
jun,tap,19,S3,0.9802067924234864,1.0043869392003206,0.9802067924234864,15.881761080971204,,,
jun,tap,19,ALL,,,,,10.217512025088379,256.10346339324855,3.0464787586197044
jun,tap,20,S1,1.0518308577474962,1.0647333532637928,1.0518308577474962,25.60598824173382,,,
jun,tap,20,S2,0.8805030479769052,1.013791807147248,0.8805030479769052,35.55155702950477,,,
jun,tap,20,S3,0.9688318105133845,0.9999271001664526,0.9688318105133845,18.00206030190737,,,
jun,tap,20,ALL,,,,,11.486702353730026,272.37702761946514,0.0
jun,tap,21,S1,1.0552041260430063,1.0668604808805882,1.0552041260430063,23.18752144966262,,,
jun,tap,21,S2,0.9806511231233557,1.040140122728437,0.9806511231233557,26.182890534215247,,,
jun,tap,21,S3,0.9760253952559855,1.0040108371409946,0.9760253952559855,16.250930650967852,,,
jun,tap,21,ALL,,,,,6.34464427855674,237.76668128014026,0.0
jun,tap,22,S1,1.0622473549630163,1.0710329198474875,1.0622473549630163,17.5855273802432,,,
jun,tap,22,S2,1.0040048936236903,1.0504889030355025,1.0040048936236903,19.951692237883762,,,
jun,tap,22,S3,0.9900612641485795,1.0110120156793347,0.9900612641485795,12.248176776364122,,,
jun,tap,22,ALL,,,,,4.70909336492894,180.80920648838227,0.0
jun,tap,23,S1,1.0682151120999162,1.0745697805983205,1.0682151120999162,12.809316514133965,,,
jun,tap,23,S2,1.0233107013087424,1.0591051297850802,1.0233107013087424,14.703273601434397,,,
jun,tap,23,S3,1.001834053926154,1.0169044164099659,1.001834053926154,8.859564036444386,,,
jun,tap,23,ALL,,,,,3.6821975178115545,131.98851380973255,0.0
jun,tap+inverter,0,S1,1.0721591735668141,1.0769080569645513,1.0721591735668141,9.637966307437647,,,
jun,tap+inverter,0,S2,1.0358489430277489,1.0647296286406456,1.0358489430277489,11.24838725421101,,,
jun,tap+inverter,0,S3,1.0095576842736018,1.0207799339499932,1.0095576842736018,6.621196728984422,,,
jun,tap+inverter,0,ALL,,,,,3.1793150104849763,99.44138535729941,0.0
jun,tap+inverter,1,S1,1.0731409682605666,1.077490220985689,1.0731409682605666,8.846706745686088,,,
jun,tap+inverter,1,S2,1.0389443543186312,1.0661215803417163,1.0389443543186312,10.389933414693795,,,
jun,tap+inverter,1,S3,1.0114735398928976,1.0217424427247845,1.0114735398928976,6.064117358253736,,,
jun,tap+inverter,1,ALL,,,,,3.0755339367513868,91.30460324419114,0.0
jun,tap+inverter,2,S1,1.0741210923154612,1.0780714330545371,1.0741210923154612,8.056074686242297,,,
jun,tap+inverter,2,S2,1.0420245700474629,1.0675080159156183,1.0420245700474629,9.533544991178147,,,
jun,tap+inverter,2,S3,1.013383488393017,1.022702448478797,1.013383488393017,5.508027479910024,,,
jun,tap+inverter,2,ALL,,,,,2.9803706584981295,83.16782113108285,0.0
jun,tap+inverter,3,S1,1.074512676112845,1.07830365245091,1.074512676112845,7.739997242542608,,,
jun,tap+inverter,3,S2,1.043252452382003,1.0680610623967048,1.043252452382003,9.191563993113263,,,
jun,tap+inverter,3,S3,1.0141458263289727,1.0230857549185004,1.0141458263289727,5.285866873530021,,,
jun,tap+inverter,3,ALL,,,,,2.944701193199453,79.91310828583953,0.0
jun,tap+inverter,4,S1,1.074512676112845,1.07830365245091,1.074512676112845,7.7399972425420795,,,
jun,tap+inverter,4,S2,1.043252452382003,1.0680610623967048,1.043252452382003,9.191563993113263,,,
jun,tap+inverter,4,S3,1.0141458263289727,1.0230857549185004,1.0141458263289727,5.285866873529401,,,
jun,tap+inverter,4,ALL,,,,,2.9447011931997036,79.91310828583953,0.0
jun,tap+inverter,5,S1,1.0741210923146558,1.078071433054017,1.0741210923146558,8.056074686447772,,,
jun,tap+inverter,5,S2,1.0420245699999382,1.0675080159007222,1.0420245699999382,9.533544996293584,,,
jun,tap+inverter,5,S3,1.0133834883854316,1.022702448475765,1.0133834883854316,5.508027481030187,,,
jun,tap+inverter,5,ALL,,,,,2.9803706592056725,83.16782113108285,0.0
jun,tap+inverter,6,S1,1.0721883040623916,1.0769370585014466,1.0721883040623916,9.637717482174006,,,
jun,tap+inverter,6,S2,1.0385253161563481,1.0655682506211392,1.0385253161563481,10.975312885266215,,,
jun,tap+inverter,6,S3,1.0163724929275029,1.0230226626630277,1.0163724929275029,5.717831719970873,,,
jun,tap+inverter,6,ALL,,,,,3.078645161790547,99.44138535729941,3.046478758619699
jun,tap+inverter,7,S1,1.0693217870614973,1.0752732554879274,1.0693217870614973,12.0142611984633,,,
jun,tap+inverter,7,S2,1.0374634126072828,1.063959973327891,1.0374634126072828,12.724736152271168,,,
jun,tap+inverter,7,S3,1.026932507856941,1.031288997964543,1.031288997964543,4.769735901380502,,,
jun,tap+inverter,7,ALL,,,,,3.195536117267776,123.85173169662428,12.431947904399431
jun,tap+inverter,8,S1,1.0681259203194573,1.0744811195037092,1.0681259203194573,12.810338825010886,,,
jun,tap+inverter,8,S2,0.9687717531196255,1.0479712829973826,0.9687717531196255,18.097089265094635,,,
jun,tap+inverter,8,S3,1.030550135110059,1.0441146390612424,1.0441146390612424,4.325485450111362,,,
jun,tap+inverter,8,ALL,,,,,5.182994141825395,142.18851380973257,23.10537323841994
jun,tap+inverter,9,S1,1.06710031167443,1.0738590499645804,1.06710031167443,13.6052609857579,,,
jun,tap+inverter,9,S2,0.9760434971024585,1.049692145412368,0.9760434971024585,17.930802440471453,,,
jun,tap+inverter,9,S3,1.0315338248804602,1.0516933517700096,1.0516933517700096,7.572031668381847,,,
jun,tap+inverter,9,ALL,,,,,5.723445801564082,150.32529592284084,33.444470860857436
jun,tap+inverter,10,S1,1.0651462570551073,1.0727136584714314,1.0651462570551073,15.195786035349407,,,
jun,tap+inverter,10,S2,0.9783886348007952,1.0495819746463155,0.9783886348007952,18.803867193611783,,,
jun,tap+inverter,10,S3,1.03349794048377,1.0607631333771075,1.0607631333771075,9.457979311878827,,,
jun,tap+inverter,10,ALL,,,,,6.431908896479959,166.59886014905743,42.272544499141674
jun,tap+inverter,11,S1,1.063175468244099,1.0715545605382442,1.063175468244099,16.788946495254198,,,
jun,tap+inverter,11,S2,0.9781960828913336,1.048680856247347,0.9781960828913336,19.921149785390014,,,
jun,tap+inverter,11,S3,1.0343175791391683,1.0661622020408874,1.0661622020408874,10.906450944315775,,,
jun,tap+inverter,11,ALL,,,,,7.136046556608428,182.872424375274,48.68415510742198
jun,tap+inverter,12,S1,1.0611879757205995,1.0703818406148684,1.0611879757205995,18.384803711590457,,,
jun,tap+inverter,12,S2,0.9748303991369333,1.0467972677229704,0.9748303991369333,21.344388038047242,,,
jun,tap+inverter,12,S3,1.033849082693235,1.067270764488889,1.067270764488889,11.696002205307407,,,
jun,tap+inverter,12,ALL,,,,,7.684800955259868,199.14598860149053,52.05142700168071
jun,tap+inverter,13,S1,1.0601866174538992,1.0697890535998313,1.0601866174538992,19.183786277233352,,,
jun,tap+inverter,13,S2,0.9713775216456056,1.0453093189940046,0.9713775216456056,22.22752765539113,,,
jun,tap+inverter,13,S3,1.0329355292491962,1.065519393431687,1.065519393431687,11.743237594814495,,,
jun,tap+inverter,13,ALL,,,,,7.843355034867189,207.2827707145988,52.05142700168071
jun,tap+inverter,14,S1,1.060176130804463,1.0697786618304657,1.060176130804463,19.18396778893731,,,
jun,tap+inverter,14,S2,0.9678320185504486,1.0442170610084216,0.9678320185504486,22.56975995041796,,,
jun,tap+inverter,14,S3,1.0315705717556511,1.0608855580713095,1.0608855580713095,11.078859886449466,,,
jun,tap+inverter,14,ALL,,,,,7.608935724643211,207.2827707145988,48.68415510742198
jun,tap+inverter,15,S1,1.0611562205769836,1.070350360316764,1.0611562205769836,18.385330106951418,,,
jun,tap+inverter,15,S2,0.964521012978953,1.0436185435391427,0.964521012978953,22.339150531360094,,,
jun,tap+inverter,15,S3,1.0298144198671229,1.0536597735621978,1.0536597735621978,9.83739406492472,,,
jun,tap+inverter,15,ALL,,,,,7.072083326420468,199.14598860149053,42.27254449914169
jun,tap+inverter,16,S1,1.0621799561221554,1.0709660779367216,1.0621799561221554,17.586595204230093,,,
jun,tap+inverter,16,S2,0.9587064280606885,1.0423300361454282,0.9587064280606885,22.36374561666635,,,
jun,tap+inverter,16,S3,1.0289501639725858,1.0462658212034652,1.0462658212034652,7.242466080900607,,,
jun,tap+inverter,16,ALL,,,,,6.410908641338444,191.0092064883823,33.444470860857436
jun,tap+inverter,17,S1,1.0612119184943016,1.0704055761711468,1.0612119184943016,18.38440683979448,,,
jun,tap+inverter,17,S2,0.9439054075687887,1.0374476303946987,0.9439054075687887,24.37260488732256,,,
jun,tap+inverter,17,S3,1.0260716801804644,1.0385301510548748,1.0385301510548748,6.3651289826363255,,,
jun,tap+inverter,17,ALL,,,,,6.4430526058049855,199.14598860149053,23.10537323841995
jun,tap+inverter,18,S1,1.0580759068433412,1.0684988080223206,1.0580759068433412,20.785649857034322,,,
jun,tap+inverter,18,S2,0.9201897549106086,1.028737367080768,0.9201897549106086,28.33975656535267,,,
jun,tap+inverter,18,S3,1.0096712327549373,1.0155125473669036,1.0096712327549373,10.798882044929883,,,
jun,tap+inverter,18,ALL,,,,,7.838920542671442,223.55633494081542,12.431947904399436
jun,tap+inverter,19,S1,1.053909292096515,1.0659821111352967,1.053909292096515,23.996581525718575,,,
jun,tap+inverter,19,S2,0.892730679703126,1.0184528996822555,0.892730679703126,33.24246540449756,,,
jun,tap+inverter,19,S3,0.9802067924234864,1.0043869392003206,0.9802067924234864,15.881761080970536,,,
jun,tap+inverter,19,ALL,,,,,10.217512025103435,256.10346339324855,3.0464787586197044
jun,tap+inverter,20,S1,1.051830857747496,1.0647333532637926,1.051830857747496,25.605988241733197,,,
jun,tap+inverter,20,S2,0.8805030479769057,1.013791807147248,0.8805030479769057,35.55155702950422,,,
jun,tap+inverter,20,S3,0.9688318105133857,0.999927100166453,0.9688318105133857,18.002060301906305,,,
jun,tap+inverter,20,ALL,,,,,11.48670235373451,272.37702761946514,0.0
jun,tap+inverter,21,S1,1.0552041260430058,1.0668604808805884,1.0552041260430058,23.18752144966213,,,
jun,tap+inverter,21,S2,0.9806511231233553,1.0401401227284375,0.9806511231233553,26.182890534214515,,,
jun,tap+inverter,21,S3,0.9760253952559858,1.0040108371409955,0.9760253952559858,16.250930650968076,,,
jun,tap+inverter,21,ALL,,,,,6.344644278552357,237.76668128014026,0.0
jun,tap+inverter,22,S1,1.0622473549630151,1.0710329198474866,1.0622473549630151,17.58552738024329,,,
jun,tap+inverter,22,S2,1.0040048936236896,1.0504889030355016,1.0040048936236896,19.95169223788463,,,
jun,tap+inverter,22,S3,0.9900612641485796,1.0110120156793345,0.9900612641485796,12.248176776365623,,,
jun,tap+inverter,22,ALL,,,,,4.7090933649220865,180.80920648838227,0.0
jun,tap+inverter,23,S1,1.0682151120999155,1.0745697805983205,1.0682151120999155,12.809316514133833,,,
jun,tap+inverter,23,S2,1.0233107013087435,1.0591051297850806,1.0233107013087435,14.703273601435352,,,
jun,tap+inverter,23,S3,1.0018340539261539,1.0169044164099657,1.0018340539261539,8.859564036444754,,,
jun,tap+inverter,23,ALL,,,,,3.682197517811708,131.98851380973255,0.0
